date,total_car_sales_M,unemployment__percent,gas_prices_index,consumer_price_index,housing_starts_K,fed_funds_percent
1/1/1976,12.814,7.9,47.1,55.8,1367,4.87
2/1/1976,13.34,7.7,46.8,55.9,1538,4.77
3/1/1976,13.378,7.6,46.3,56,1421,4.84
4/1/1976,13.223,7.7,45.8,56.1,1395,4.82
5/1/1976,12.962,7.4,46.1,56.4,1459,5.29
6/1/1976,13.051,7.6,46.7,56.7,1495,5.48
7/1/1976,13.466,7.8,46.8,57,1401,5.31
8/1/1976,12.953,7.8,46.9,57.3,1550,5.29
9/1/1976,13.61,7.6,47.2,57.6,1720,5.25
10/1/1976,12.823,7.7,47.8,57.9,1629,5.02
11/1/1976,13.332,7.8,48.2,58.1,1641,4.95
12/1/1976,14.527,7.8,48.3,58.4,1804,4.65
1/1/1977,14.396,7.5,48.5,58.7,1527,4.61
2/1/1977,14.709,7.6,49.2,59.3,1943,4.68
3/1/1977,15.17,7.4,49.7,59.6,2063,4.69
4/1/1977,15.135,7.2,49.7,60,1892,4.73
5/1/1977,14.984,7,50.1,60.2,1971,5.35
6/1/1977,14.952,7.2,49.8,60.5,1893,5.39
7/1/1977,14.641,6.9,49.4,60.8,2058,5.42
8/1/1977,14.859,7,49.4,61.1,2020,5.90
9/1/1977,14.65,6.8,49.6,61.3,1949,6.14
10/1/1977,14.9,6.8,50.1,61.6,2042,6.47
11/1/1977,14.799,6.8,50.5,62,2042,6.51
12/1/1977,15.175,6.4,50.9,62.3,2142,6.56
1/1/1978,13.704,6.4,50.9,62.7,1718,6.70
2/1/1978,14.363,6.3,50.6,63,1738,6.78
3/1/1978,15.166,6.3,50.8,63.4,2032,6.79
4/1/1978,16.198,6.1,50.5,63.9,2197,6.89
5/1/1978,16.298,6,50.5,64.5,2075,7.36
6/1/1978,16.348,5.9,50.7,65,2070,7.60
7/1/1978,15.528,6.2,51.1,65.5,2092,7.81
8/1/1978,16.045,5.9,51.8,65.9,1996,8.04
9/1/1978,14.641,6,52.6,66.5,1970,8.45
10/1/1978,15.845,5.8,53.5,67.1,1981,8.96
11/1/1978,15.484,5.9,54.4,67.5,2094,9.76
12/1/1978,15.338,6,55.4,67.9,2044,10.03
1/1/1979,15.061,5.9,56,68.5,1630,10.07
2/1/1979,15.321,5.9,56.4,69.2,1520,10.06
3/1/1979,15.275,5.8,59.1,69.9,1847,10.09
4/1/1979,14.742,5.8,62.2,70.6,1748,10.01
5/1/1979,14.374,5.6,65.3,71.4,1876,10.24
6/1/1979,12.744,5.7,69.1,72.2,1913,10.29
7/1/1979,14.112,5.7,72.7,73,1760,10.47
8/1/1979,14.344,6,76,73.7,1778,10.94
9/1/1979,14.292,5.9,78.8,74.4,1832,11.43
10/1/1979,13.112,6,80.4,75.2,1681,13.77
11/1/1979,13.025,5.9,81.8,76,1524,13.18
12/1/1979,13.496,6,83.9,76.9,1498,13.78
1/1/1980,14.439,6.3,89.8,78,1341,13.82
2/1/1980,13.276,6.3,94.3,79,1350,14.13
3/1/1980,12.077,6.3,99.7,80.1,1047,17.19
4/1/1980,10.444,6.9,98.7,80.9,1051,17.61
5/1/1980,9.54,7.5,98.7,81.7,927,10.98
6/1/1980,10.449,7.6,98.2,82.5,1196,9.47
7/1/1980,11.664,7.8,97.9,82.6,1269,9.03
8/1/1980,11.154,7.7,97.8,83.2,1436,9.61
9/1/1980,10.912,7.5,97.8,83.9,1471,10.87
10/1/1980,11.412,7.5,98.6,84.7,1523,12.81
11/1/1980,11.257,7.5,98.8,85.6,1510,15.85
12/1/1980,10.939,7.2,99.3,86.4,1482,18.90
1/1/1981,11.282,7.5,103.6,87.2,1547,19.08
2/1/1981,12.351,7.4,110.1,88,1246,15.93
3/1/1981,12.427,7.4,113,88.6,1306,14.70
4/1/1981,10.49,7.2,110.6,89.1,1360,15.72
5/1/1981,10.354,7.5,109,89.7,1140,18.52
6/1/1981,10.415,7.5,107.8,90.5,1045,19.10
7/1/1981,10.428,7.2,107.2,91.5,1041,19.04
8/1/1981,12.681,7.4,107.2,92.2,940,17.82
9/1/1981,11.08,7.6,107.7,93.1,911,15.87
10/1/1981,9.418,7.9,108.4,93.4,873,15.08
11/1/1981,9.494,8.3,109,93.8,837,13.31
12/1/1981,9.055,8.5,108.6,94.1,910,12.37
1/1/1982,10.285,8.6,108.2,94.4,843,13.22
2/1/1982,10.924,8.9,106.1,94.7,866,14.78
3/1/1982,10.651,9,103.6,94.7,931,14.68
4/1/1982,9.747,9.3,97.2,95,917,14.94
5/1/1982,11.103,9.4,97.8,95.9,1025,14.45
6/1/1982,9.613,9.6,102.8,97,902,14.15
7/1/1982,9.759,9.8,104.3,97.5,1166,12.59
8/1/1982,9.947,9.8,104.1,97.7,1046,10.12
9/1/1982,11.129,10.1,103.3,97.7,1144,10.31
10/1/1982,10.14,10.4,103.2,98.1,1173,9.71
11/1/1982,12.03,10.8,102.9,98,1372,9.20
12/1/1982,11.249,10.8,100.3,97.7,1303,8.95
1/1/1983,10.865,10.4,99.1,97.9,1586,8.68
2/1/1983,10.608,10.4,95.8,98,1699,8.51
3/1/1983,11.023,10.3,94.2,98.1,1606,8.77
4/1/1983,11.673,10.2,98.3,98.8,1472,8.80
5/1/1983,12.028,10.1,100.5,99.2,1776,8.63
6/1/1983,12.96,10.1,101.1,99.4,1733,8.98
7/1/1983,12.917,9.4,101.4,99.8,1785,9.37
8/1/1983,12.246,9.5,102.1,100.1,1910,9.56
9/1/1983,12.451,9.2,101.3,100.4,1710,9.45
10/1/1983,13.311,8.8,100.7,100.8,1715,9.48
11/1/1983,13.125,8.5,99.6,101.1,1785,9.34
12/1/1983,14.503,8.3,98.7,101.4,1688,9.47
1/1/1984,14.21,8,99,102.1,1897,9.56
2/1/1984,14.381,7.8,99.4,102.6,2260,9.59
3/1/1984,14.21,7.8,100.2,102.9,1663,9.91
4/1/1984,14.357,7.7,99.8,103.3,1851,10.29
5/1/1984,14.856,7.4,99.4,103.5,1774,10.32
6/1/1984,14.673,7.2,98.2,103.7,1843,11.06
7/1/1984,14.758,7.5,96.3,104.1,1732,11.23
8/1/1984,14.279,7.5,95.1,104.4,1586,11.64
9/1/1984,13.959,7.3,95.9,104.7,1698,11.30
10/1/1984,14.642,7.4,97.3,105.1,1590,9.99
11/1/1984,14.774,7.2,96.9,105.3,1689,9.43
12/1/1984,14.602,7.3,95.9,105.5,1612,8.38
1/1/1985,15.563,7.3,96.3,105.7,1711,8.35
2/1/1985,15.724,7.2,96.6,106.3,1632,8.50
3/1/1985,15.358,7.2,98.1,106.8,1800,8.58
4/1/1985,15.521,7.3,99.7,107,1821,8.27
5/1/1985,15.561,7.2,99.3,107.2,1680,7.97
6/1/1985,15.093,7.4,99.7,107.5,1676,7.53
7/1/1985,15.498,7.4,100,107.7,1684,7.88
8/1/1985,16.91,7.1,98.5,107.9,1743,7.90
9/1/1985,19.104,7.1,98.2,108.1,1676,7.92
10/1/1985,14.185,7.1,98.1,108.5,1834,7.99
11/1/1985,14.622,7,98.8,109,1698,8.05
12/1/1985,15.711,7,99.5,109.5,1942,8.27
1/1/1986,16.06,6.7,100.1,109.9,1972,8.14
2/1/1986,15.371,7.2,95.6,109.7,1848,7.86
3/1/1986,14.161,7.2,83.4,109.1,1876,7.48
4/1/1986,15.849,7.1,74.1,108.7,1933,6.99
5/1/1986,16.302,7.2,75.4,109,1854,6.85
6/1/1986,15.92,7.2,77.9,109.4,1847,6.92
7/1/1986,15.742,7,72.9,109.5,1782,6.56
8/1/1986,17.285,6.9,68.9,109.6,1807,6.17
9/1/1986,21.495,7,70.7,110,1687,5.89
10/1/1986,14.793,7,69.1,110.2,1681,5.85
11/1/1986,14.822,6.9,68.4,110.4,1623,6.04
12/1/1986,18.079,6.6,69,110.8,1833,6.91
1/1/1987,12.414,6.6,74.1,111.4,1774,6.43
2/1/1987,15.109,6.6,78.4,111.8,1784,6.10
3/1/1987,15.299,6.6,78.5,112.2,1726,6.13
4/1/1987,15.452,6.3,79.2,112.7,1614,6.37
5/1/1987,14.572,6.3,77.7,113,1628,6.85
6/1/1987,15.619,6.2,79.4,113.5,1594,6.73
7/1/1987,15.655,6.1,81,113.8,1575,6.58
8/1/1987,17.092,6,83.1,114.3,1605,6.73
9/1/1987,16.119,5.9,82.5,114.7,1695,7.22
10/1/1987,14.258,6,82.5,115,1515,7.29
11/1/1987,14.543,5.8,82.6,115.4,1656,6.69
12/1/1987,15.645,5.7,81.9,115.6,1400,6.77
1/1/1988,16.083,5.7,81.1,116,1271,6.83
2/1/1988,16.513,5.7,80.7,116.2,1473,6.58
3/1/1988,16.182,5.7,79.9,116.5,1532,6.58
4/1/1988,15.545,5.4,80.4,117.2,1573,6.87
5/1/1988,15.941,5.6,80.2,117.5,1421,7.09
6/1/1988,15.854,5.4,80,118,1478,7.51
7/1/1988,15.704,5.4,81.1,118.5,1467,7.75
8/1/1988,15.385,5.6,82.6,119,1493,8.01
9/1/1988,15.047,5.4,81.5,119.5,1492,8.19
10/1/1988,15.162,5.4,80.7,119.9,1522,8.30
11/1/1988,15.394,5.3,80.7,120.3,1569,8.35
12/1/1988,16.437,5.3,80.4,120.7,1563,8.76
1/1/1989,15.372,5.4,81.1,121.2,1621,9.12
2/1/1989,14.991,5.2,82.6,121.6,1425,9.36
3/1/1989,14.662,5,84.3,122.2,1422,9.85
4/1/1989,16.024,5.2,93.9,123.1,1339,9.84
5/1/1989,15.267,5.2,95.8,123.7,1331,9.81
6/1/1989,14.384,5.3,94,124.1,1397,9.53
7/1/1989,14.695,5.2,93.2,124.5,1427,9.24
8/1/1989,16.547,5.2,89.1,124.5,1332,8.99
9/1/1989,15.66,5.3,87,124.8,1279,9.02
10/1/1989,13.581,5.3,87.8,125.4,1410,8.84
11/1/1989,13.37,5.4,86.1,125.9,1351,8.55
12/1/1989,13.55,5.4,86,126.3,1251,8.45
1/1/1990,16.308,5.4,92.9,127.5,1551,8.23
2/1/1990,14.363,5.3,93,128,1437,8.24
3/1/1990,14.486,5.2,92.3,128.6,1289,8.28
4/1/1990,14.281,5.4,92.8,128.9,1248,8.26
5/1/1990,14.022,5.4,91.7,129.1,1212,8.18
6/1/1990,14.149,5.2,92.6,129.9,1177,8.29
7/1/1990,14.081,5.5,93.1,130.5,1171,8.15
8/1/1990,13.859,5.7,100.9,131.6,1115,8.13
9/1/1990,14.298,5.9,109.3,132.5,1110,8.20
10/1/1990,13.749,5.9,116.9,133.4,1014,8.11
11/1/1990,13.134,6.2,117.2,133.7,1145,7.81
12/1/1990,12.958,6.3,117.6,134.2,969,7.31
1/1/1991,11.829,6.4,110.9,134.7,798,6.91
2/1/1991,12.409,6.6,102.5,134.8,965,6.25
3/1/1991,12.848,6.8,97.8,134.8,921,6.12
4/1/1991,12.038,6.7,97.7,135.1,1001,5.91
5/1/1991,12.487,6.9,99.2,135.6,996,5.78
6/1/1991,12.719,6.9,98.2,136,1036,5.90
7/1/1991,12.972,6.8,96.5,136.2,1063,5.82
8/1/1991,12.565,6.9,97.5,136.6,1049,5.66
9/1/1991,13.107,6.9,97.6,137,1015,5.45
10/1/1991,12.217,7,96.8,137.2,1079,5.21
11/1/1991,12.576,7,97.7,137.8,1103,4.81
12/1/1991,12.658,7.3,98.8,138.2,1079,4.43
1/1/1992,12.591,7.3,97,138.3,1176,4.03
2/1/1992,12.927,7.4,96.5,138.6,1250,4.06
3/1/1992,12.824,7.4,96.8,139.1,1297,3.98
4/1/1992,12.55,7.4,96.6,139.4,1099,3.73
5/1/1992,13.098,7.6,97.5,139.7,1214,3.82
6/1/1992,13.543,7.8,99.8,140.1,1145,3.76
7/1/1992,12.853,7.7,100.3,140.5,1139,3.25
8/1/1992,12.873,7.6,99.7,140.8,1226,3.30
9/1/1992,13.378,7.6,99.6,141.1,1186,3.22
10/1/1992,13.655,7.3,100.8,141.7,1244,3.10
11/1/1992,13.218,7.4,101.3,142.1,1214,3.09
12/1/1992,13.784,7.4,101.7,142.3,1227,2.92
1/1/1993,13.457,7.3,101.5,142.8,1210,3.02
2/1/1993,12.969,7.1,101.5,143.1,1210,3.03
3/1/1993,13.326,7,100.7,143.3,1083,3.07
4/1/1993,14.527,7.1,99.9,143.8,1258,2.96
5/1/1993,14.519,7.1,97.9,144.2,1260,3.00
6/1/1993,14.49,7,96.5,144.3,1280,3.04
7/1/1993,14.451,6.9,95.2,144.5,1254,3.06
8/1/1993,13.584,6.8,95,144.8,1300,3.03
9/1/1993,13.99,6.7,93.9,145,1343,3.09
10/1/1993,14.911,6.8,98.7,145.6,1392,2.99
11/1/1993,14.882,6.6,97.3,146,1376,3.02
12/1/1993,15.004,6.5,95.8,146.3,1533,2.96
1/1/1994,15.379,6.6,94.6,146.3,1272,3.05
2/1/1994,15.52,6.6,96.2,146.7,1337,3.25
3/1/1994,15.301,6.5,95.8,147.1,1564,3.34
4/1/1994,16.013,6.4,95.7,147.2,1465,3.56
5/1/1994,14.577,6.1,93.9,147.5,1526,4.01
6/1/1994,15.109,6.1,94.9,147.9,1409,4.25
7/1/1994,14.875,6.1,97.8,148.4,1439,4.26
8/1/1994,15.359,6,102.4,149,1450,4.47
9/1/1994,15.274,5.9,101.8,149.3,1474,4.73
10/1/1994,15.894,5.8,101.3,149.4,1450,4.76
11/1/1994,15.89,5.6,102.1,149.8,1511,5.29
12/1/1994,15.584,5.5,101.9,150.1,1455,5.45
1/1/1995,14.801,5.6,100.9,150.5,1407,5.53
2/1/1995,14.861,5.4,100.9,150.9,1316,5.92
3/1/1995,15.256,5.4,100.2,151.2,1249,5.98
4/1/1995,14.378,5.8,100.5,151.8,1267,6.05
5/1/1995,14.806,5.6,101.6,152.1,1314,6.01
6/1/1995,15.407,5.6,103.6,152.4,1281,6.00
7/1/1995,14.7,5.7,101.2,152.6,1461,5.85
8/1/1995,15.368,5.7,99.6,152.9,1416,5.74
9/1/1995,15.338,5.6,98.1,153.1,1369,5.80
10/1/1995,14.861,5.5,97.6,153.5,1369,5.76
11/1/1995,15.38,5.6,95.8,153.7,1452,5.80
12/1/1995,16.262,5.6,97.5,153.9,1431,5.60
1/1/1996,14.812,5.6,101.3,154.7,1467,5.56
2/1/1996,15.587,5.5,101.4,155,1491,5.22
3/1/1996,16.044,5.5,104,155.5,1424,5.31
4/1/1996,15.466,5.6,108.6,156.1,1516,5.22
5/1/1996,15.993,5.6,109.7,156.4,1504,5.24
6/1/1996,15.256,5.3,108,156.7,1467,5.27
7/1/1996,15.074,5.5,106.1,157,1472,5.40
8/1/1996,15.486,5.1,104.4,157.2,1557,5.22
9/1/1996,15.534,5.2,104.4,157.7,1475,5.30
10/1/1996,15.308,5.2,104.9,158.2,1392,5.24
11/1/1996,15.712,5.4,107.2,158.7,1489,5.31
12/1/1996,15.183,5.4,110.2,159.1,1370,5.29
1/1/1997,15.682,5.3,110.6,159.4,1355,5.25
2/1/1997,15.271,5.2,110.8,159.7,1486,5.19
3/1/1997,15.816,5.2,108.6,159.8,1457,5.39
4/1/1997,15.058,5.1,105.1,159.9,1492,5.51
5/1/1997,15.088,4.9,101.4,159.9,1442,5.50
6/1/1997,14.524,5,102.9,160.2,1494,5.56
7/1/1997,15.568,4.9,101.2,160.4,1437,5.52
8/1/1997,16.148,4.8,106.1,160.8,1390,5.54
9/1/1997,15.096,4.9,108.7,161.2,1546,5.54
10/1/1997,15.431,4.7,106.6,161.5,1520,5.50
11/1/1997,15.825,4.6,104.4,161.7,1510,5.52
12/1/1997,16.474,4.7,103.2,161.8,1566,5.50
1/1/1998,14.789,4.6,99.4,162,1525,5.56
2/1/1998,15.232,4.6,96,162,1584,5.51
3/1/1998,15.405,4.7,91.7,162,1567,5.49
4/1/1998,15.923,4.3,89.4,162.2,1540,5.45
5/1/1998,17.057,4.4,91.2,162.6,1536,5.49
6/1/1998,16.771,4.5,92.6,162.8,1641,5.56
7/1/1998,14.668,4.5,92.3,163.2,1698,5.54
8/1/1998,14.796,4.5,90.3,163.4,1614,5.55
9/1/1998,16.313,4.6,89.7,163.5,1582,5.51
10/1/1998,17.131,4.5,90.5,163.9,1715,5.07
11/1/1998,16.118,4.4,89.4,164.1,1660,4.83
12/1/1998,17.409,4.4,87.4,164.4,1792,4.68
1/1/1999,16.593,4.3,86.7,164.7,1748,4.63
2/1/1999,17.097,4.4,85.1,164.7,1670,4.76
3/1/1999,16.832,4.2,87.7,164.8,1710,4.81
4/1/1999,16.929,4.3,98.9,165.9,1553,4.74
5/1/1999,17.564,4.2,97.5,166,1611,4.74
6/1/1999,17.346,4.3,96.6,166,1559,4.76
7/1/1999,17.688,4.3,100.7,166.7,1669,4.99
8/1/1999,17.641,4.2,106.1,167.1,1648,5.07
9/1/1999,17.662,4.2,109.9,167.8,1635,5.22
10/1/1999,17.684,4.1,109.8,168.1,1608,5.20
11/1/1999,17.62,4.1,108.5,168.4,1648,5.42
12/1/1999,18.322,4,114.1,168.8,1708,5.30
1/1/2000,18.635,4,115.9,169.3,1636,5.45
2/1/2000,19.401,4.1,119.8,170,1737,5.73
3/1/2000,18.343,4,133.2,171,1604,5.85
4/1/2000,17.939,3.8,125.6,170.9,1626,6.02
5/1/2000,17.943,4,123.6,171.2,1575,6.27
6/1/2000,17.596,4,135.2,172.2,1559,6.53
7/1/2000,17.316,4,133.7,172.7,1463,6.54
8/1/2000,17.531,4.1,126.3,172.7,1541,6.50
9/1/2000,18.654,3.9,134.2,173.6,1507,6.52
10/1/2000,17.514,3.9,132.6,173.9,1549,6.51
11/1/2000,16.634,3.9,131.8,174.2,1551,6.51
12/1/2000,16.222,3.9,130.5,174.6,1532,6.40
1/1/2001,17.652,4.2,130.6,175.6,1600,5.98
2/1/2001,17.826,4.2,129.2,176,1625,5.49
3/1/2001,17.248,4.3,125.6,176.1,1590,5.31
4/1/2001,16.872,4.4,128.1,176.4,1649,4.80
5/1/2001,16.876,4.3,140.1,177.3,1605,4.21
6/1/2001,17.464,4.5,137.1,177.7,1636,3.97
7/1/2001,16.463,4.6,123,177.4,1670,3.77
8/1/2001,16.348,4.9,120.3,177.4,1567,3.65
9/1/2001,16.365,5,130.9,178.1,1562,3.07
10/1/2001,22.055,5.3,117,177.6,1540,2.49
11/1/2001,18.031,5.5,104.1,177.5,1602,2.09
12/1/2001,16.465,5.7,99.2,177.4,1568,1.82
1/1/2002,16.523,5.7,100.5,177.7,1698,1.73
2/1/2002,17.304,5.7,99.7,178,1829,1.74
3/1/2002,17.107,5.7,107.8,178.5,1642,1.73
4/1/2002,17.668,5.9,115.8,179.3,1592,1.75
5/1/2002,16.197,5.8,116.5,179.5,1764,1.75
6/1/2002,16.953,5.8,116.8,179.6,1717,1.75
7/1/2002,18.147,5.8,118.5,180,1655,1.73
8/1/2002,18.449,5.7,119.7,180.5,1633,1.74
9/1/2002,16.665,5.7,120.6,180.8,1804,1.75
10/1/2002,16.259,5.7,125.9,181.2,1648,1.75
11/1/2002,16.52,5.9,125.1,181.5,1753,1.34
12/1/2002,17.866,6,124.7,181.8,1788,1.24
1/1/2003,16.708,5.8,137.1,182.6,1853,1.24
2/1/2003,16.114,5.9,148.6,183.6,1629,1.26
3/1/2003,16.467,5.9,147.3,183.9,1726,1.25
4/1/2003,16.751,6,133.6,183.2,1643,1.26
5/1/2003,16.47,6.1,119,182.9,1751,1.26
6/1/2003,17.013,6.3,119.8,183.1,1867,1.22
7/1/2003,17.117,6.2,125.1,183.7,1897,1.01
8/1/2003,18.262,6.1,136.7,184.5,1833,1.03
9/1/2003,17.286,6.1,146.5,185.1,1939,1.01
10/1/2003,16.489,6,136.9,184.9,1967,1.01
11/1/2003,17.563,5.8,136.2,185,2083,1.00
12/1/2003,17.357,5.7,139.5,185.5,2057,0.98
1/1/2004,16.695,5.7,148.3,186.3,1911,1.00
2/1/2004,17.032,5.6,151,186.7,1846,1.01
3/1/2004,17.247,5.8,151.2,187.1,1998,1.00
4/1/2004,16.898,5.6,147.2,187.4,2003,1.00
5/1/2004,18.186,5.6,154.6,188.2,1981,1.00
6/1/2004,16.173,5.6,160.3,188.9,1828,1.03
7/1/2004,17.309,5.5,158.2,189.1,2002,1.26
8/1/2004,17.157,5.4,157.6,189.2,2024,1.43
9/1/2004,17.875,5.4,161.3,189.8,1905,1.61
10/1/2004,17.514,5.5,172.7,190.8,2072,1.76
11/1/2004,17.362,5.4,179.2,191.7,1782,1.93
12/1/2004,18.102,5.4,176,191.7,2042,2.16
1/1/2005,16.889,5.3,166.9,191.6,2144,2.28
2/1/2005,16.886,5.4,173.4,192.4,2207,2.50
3/1/2005,17.413,5.2,177.5,193.1,1864,2.63
4/1/2005,17.756,5.2,180.8,193.7,2061,2.79
5/1/2005,17.414,5.1,171.9,193.6,2025,3.00
6/1/2005,18.482,5,173,193.7,2068,3.04
7/1/2005,21.135,5,190.6,194.9,2054,3.26
8/1/2005,17.418,4.9,211.3,196.1,2095,3.50
9/1/2005,16.927,5,251,198.8,2151,3.62
10/1/2005,15.336,5,239.1,199.1,2065,3.78
11/1/2005,16.524,5,202,198.1,2147,4.00
12/1/2005,17.174,4.9,200.4,198.1,1994,4.16
1/1/2006,18.081,4.7,213.2,199.3,2273,4.29
2/1/2006,17.071,4.8,210.2,199.4,2119,4.49
3/1/2006,16.96,4.7,208.3,199.7,1969,4.59
4/1/2006,17.127,4.7,224,200.7,1821,4.79
5/1/2006,16.729,4.6,227.5,201.3,1942,4.94
6/1/2006,16.9,4.6,228.1,201.8,1802,4.99
7/1/2006,17.662,4.7,245.3,202.9,1737,5.24
8/1/2006,16.458,4.7,252.7,203.8,1650,5.25
9/1/2006,16.974,4.5,221.3,202.8,1720,5.25
10/1/2006,16.865,4.4,197,201.9,1491,5.25
11/1/2006,16.657,4.5,195,202,1570,5.25
12/1/2006,17.107,4.4,211.3,203.1,1649,5.24
1/1/2007,16.896,4.6,205.361,203.437,1409,5.25
2/1/2007,17.169,4.5,208.351,204.226,1480,5.26
3/1/2007,16.438,4.4,222.804,205.288,1495,5.26
4/1/2007,16.615,4.5,229.338,205.904,1490,5.25
5/1/2007,16.661,4.4,240.407,206.755,1415,5.25
6/1/2007,16.179,4.6,241.015,207.234,1448,5.25
7/1/2007,15.837,4.7,242.158,207.603,1354,5.26
8/1/2007,16.379,4.6,236.401,207.667,1330,5.02
9/1/2007,16.532,4.7,244.482,208.547,1183,4.94
10/1/2007,16.455,4.7,246.233,209.19,1264,4.76
11/1/2007,16.354,4.7,268.067,210.834,1197,4.49
12/1/2007,16.03,5,271.805,211.445,1037,4.24
1/1/2008,15.705,5,273.485,212.174,1084,3.94
2/1/2008,15.491,4.9,277.12,212.687,1103,2.98
3/1/2008,15.114,5.1,279.234,213.448,1005,2.61
4/1/2008,14.605,5,276.563,213.942,1013,2.28
5/1/2008,14.697,5.4,289.883,215.208,973,1.98
6/1/2008,14.377,5.6,321.643,217.463,1046,2.00
7/1/2008,13.006,5.8,334.055,219.016,923,2.01
8/1/2008,14.119,6.1,319.114,218.69,844,2.00
9/1/2008,12.961,6.1,321.466,218.877,820,1.81
10/1/2008,10.933,6.5,278.393,216.995,777,0.97
11/1/2008,10.526,6.8,191.822,213.153,652,0.39
12/1/2008,10.383,7.3,154.377,211.398,560,0.16
1/1/2009,9.786,7.8,160.815,211.933,490,0.15
2/1/2009,9.223,8.3,174.067,212.705,582,0.22
3/1/2009,9.748,8.7,166.814,212.495,505,0.18
4/1/2009,9.379,9,168.312,212.709,478,0.15
5/1/2009,10.176,9.4,177.057,213.022,540,0.18
6/1/2009,10.149,9.5,213.086,214.79,585,0.21
7/1/2009,11.566,9.5,211.649,214.726,594,0.16
8/1/2009,14.754,9.6,223.781,215.445,586,0.16
9/1/2009,9.535,9.8,226.214,215.861,585,0.15
10/1/2009,10.576,10,228.651,216.509,534,0.12
11/1/2009,11.041,9.9,238.246,217.234,588,0.12
12/1/2009,11.284,9.9,237.235,217.347,581,0.12
1/1/2010,10.893,9.8,242.036,217.488,614,0.11
2/1/2010,10.315,9.8,235.748,217.281,604,0.13
3/1/2010,11.772,9.9,233.103,217.353,636,0.16
4/1/2010,11.454,9.9,232.594,217.403,687,0.20
5/1/2010,12.03,9.6,227.765,217.29,583,0.20
6/1/2010,11.598,9.4,222.745,217.199,536,0.18
7/1/2010,11.948,9.4,229.026,217.605,546,0.18
8/1/2010,12.014,9.5,232.674,217.923,599,0.19
9/1/2010,11.922,9.5,235.661,218.275,594,0.19
10/1/2010,12.414,9.4,249.885,219.035,543,0.19
11/1/2010,12.3,9.8,256.596,219.59,545,0.19
12/1/2010,12.605,9.3,271.509,220.472,539,0.18
1/1/2011,12.806,9.1,275.816,221.187,630,0.17
2/1/2011,13.081,9,280.015,221.898,517,0.16
3/1/2011,13.259,9,294.915,223.046,600,0.14
4/1/2011,13.326,9.1,310.115,224.093,554,0.10
5/1/2011,12.28,9,314.859,224.806,561,0.09
6/1/2011,11.886,9.1,304.321,224.806,608,0.09
7/1/2011,12.72,9,304.901,225.395,623,0.07
8/1/2011,12.604,9,306.276,226.106,585,0.10
9/1/2011,13.356,9,309.168,226.597,650,0.08
10/1/2011,13.73,8.8,305.963,226.75,610,0.07
11/1/2011,13.743,8.6,308.587,227.169,711,0.08
12/1/2011,13.798,8.5,300.662,227.223,694,0.07
1/1/2012,14.395,8.3,306.17,227.842,723,0.08
2/1/2012,14.975,8.3,316.625,228.329,704,0.10
3/1/2012,14.594,8.2,319.198,228.807,695,0.13
4/1/2012,14.769,8.2,319.414,229.187,753,0.14
5/1/2012,14.496,8.2,303.692,228.713,708,0.16
6/1/2012,14.467,8.2,291.49,228.524,757,0.16
7/1/2012,14.38,8.2,287.505,228.59,740,0.16
8/1/2012,14.444,8.1,310.365,229.918,754,0.13
9/1/2012,15.099,7.8,326.789,231.015,847,0.14
10/1/2012,14.83,7.8,332.699,231.638,915,0.16
11/1/2012,15.456,7.7,315.264,231.249,833,0.16
12/1/2012,15.462,7.9,306.338,231.221,976,0.16
1/1/2013,15.813,8,306.734,231.679,888,0.14
2/1/2013,15.861,7.7,329.253,232.937,962,0.15
3/1/2013,15.721,7.5,310.442,232.282,1010,0.14
4/1/2013,15.811,7.6,295.206,231.797,835,0.15
5/1/2013,15.884,7.5,293.131,231.893,930,0.11
6/1/2013,16.149,7.5,298.112,232.445,839,0.09
7/1/2013,16.021,7.3,298.754,232.9,880,0.09
8/1/2013,15.827,7.2,303.409,233.456,917,0.08
9/1/2013,15.857,7.2,297.39,233.544,850,0.08
10/1/2013,15.727,7.2,295.64,233.669,925,0.09
11/1/2013,16.079,6.9,297.183,234.1,1100,0.08
12/1/2013,15.835,6.7,303.304,234.719,1002,0.09
1/1/2014,15.614,6.6,308.4,235.288,888,0.07
2/1/2014,15.993,6.7,305.007,235.547,944,0.07
3/1/2014,16.985,6.7,300.141,236.028,970,0.08
4/1/2014,16.695,6.2,305.367,236.468,1043,0.09
5/1/2014,17.137,6.3,301.296,236.918,1007,0.09
6/1/2014,17.516,6.1,302.293,237.231,911,0.10
7/1/2014,17.277,6.2,299.785,237.498,1085,0.09
8/1/2014,17.239,6.1,294.803,237.46,984,0.09
9/1/2014,16.959,5.9,287.003,237.477,1023,0.09
10/1/2014,16.756,5.7,278.463,237.43,1074,0.09
11/1/2014,16.949,5.8,262.282,236.983,1001,0.09
12/1/2014,17.178,5.6,238.491,236.252,1073,0.12
1/1/2015,16.904,5.7,199.553,234.747,1085,0.11
2/1/2015,16.886,5.5,206.901,235.342,886,0.11
3/1/2015,17.885,5.4,214.684,235.976,960,0.11
4/1/2015,17.675,5.4,211.577,236.222,1190,0.12
5/1/2015,17.932,5.6,225.281,237.001,1079,0.12
6/1/2015,17.869,5.3,230.871,237.657,1205,0.13
7/1/2015,18.293,5.2,231.775,238.034,1146,0.13
8/1/2015,18.396,5.1,225.725,238.033,1130,0.14
9/1/2015,18.259,5,201.935,237.498,1224,0.14
10/1/2015,18.257,5,199.315,237.733,1058,0.12
11/1/2015,18.308,5.1,198.984,238.017,1172,0.12
12/1/2015,17.48,5,190.765,237.761,1146,0.24
1/1/2016,18.064,4.9,183.452,237.827,1103,0.34
2/1/2016,18.022,4.9,164.145,237.514,1203,0.38
3/1/2016,17.394,5,171.59,237.99,1114,0.36
4/1/2016,17.693,5,182.238,238.835,1158,0.37
5/1/2016,17.698,4.8,186.753,239.44,1131,0.37
6/1/2016,17.736,4.9,196.224,240.144,1200,0.38
7/1/2016,18.057,4.8,186.514,240.111,1245,0.39
8/1/2016,17.875,4.9,186.169,240.595,1155,0.40
9/1/2016,17.944,5,189.612,241.068,1072,0.40
10/1/2016,17.94,4.9,197.072,241.641,1321,0.40
11/1/2016,17.757,4.7,198.27,241.993,1150,0.41
12/1/2016,18.218,4.7,207.858,242.712,1267,0.54
1/1/2017,17.638,4.7,219.346,243.717,1206,0.65
2/1/2017,17.776,4.6,214.469,244.028,1282,0.66
3/1/2017,17.127,4.4,207.52,243.721,1186,0.79
4/1/2017,17.285,4.4,207.93,244.058,1150,0.90
5/1/2017,17.184,4.4,197.06,243.926,1123,0.91
6/1/2017,17.184,4.3,196.336,244.179,1243,1.04
7/1/2017,17.167,4.3,193.229,244.328,1207,1.15
8/1/2017,17.014,4.4,206.213,245.304,1163,1.16
9/1/2017,18.324,4.2,226.624,246.445,1174,1.15
10/1/2017,18.321,4.1,217.355,246.57,1256,1.15
11/1/2017,17.878,4.2,229.038,247.333,1300,1.16
12/1/2017,17.714,4.1,230.089,247.847,1199,1.30
1/1/2018,17.536,4.1,236.816,248.816,1314,1.41
2/1/2018,17.557,4.1,241.378,249.475,1288,1.42
3/1/2018,17.706,4,231.479,249.413,1335,1.51
4/1/2018,17.794,4,235.054,249.957,1269,1.69
5/1/2018,17.709,3.8,239.953,250.64,1334,1.70
6/1/2018,17.65,4,245.295,251.176,1190,1.82
7/1/2018,17.398,3.8,243.373,251.482,1195,1.91
8/1/2018,17.314,3.8,248.276,251.905,1280,1.91
9/1/2018,17.801,3.7,247.569,252.261,1246,1.95
10/1/2018,18.142,3.8,251.909,252.777,1207,2.19
11/1/2018,17.844,3.7,239.035,252.662,1204,2.20
12/1/2018,17.949,3.9,225.3,252.653,1117,2.27